subject,text,priority,queue
! Fitness-Tracker defekt,"Sehr geehrte Damen und Herren, mein Fitness-Tracker zeigt keine Daten mehr an und lässt sich nicht aufladen. Ich benötige das Gerät  für meine täglichen Aktivitäten. Bitte um sofortige Hilfe! Vielen Dank, Carolin Ha",3,Hardware
Diese bestreitet ihre # gesamt,"Änder, bitte ändern Sie ihren Titel entsprechend der Anlage # Auf rein'Wunsch Co.'",1,Buchhaltung
Ab wegen der letzten Rechnung,"sehr geehrte Damen und Herren, er benötige dringend Fassung von meiner letzten Stellung.Unter unmittelbarer Bestellung # der - A ist ein erheblicher Betrag alles richtig vorhanden außer ich stelle die erforderliche Rechnung für den Geschäftsabschluss.Resonanz auf.Weber Haas",3,Buchhaltung
Angebot für Adobe Creative Suite Upgrade,"Sehr geehrte Damen und Herren, ich überlege, ein Upgrade von Adobe Creative Suite auf die neueste Version zu machen. Es ist nicht dringend, aber ich würde gerne wissen, wie viel das kosten würde und welche neuen Funktionen hinzugekommen sind. Vielen Dank im Voraus! Mit freundlichen Grüßen, Emine Lindner",1,Software
Frage zur Installation der Smart-Windelüberwachung,"Hallo Kundensupport, ich habe vor kurzem Ihre Smart-Windelüberwachung gekauft und wollte fragen, ob es spezielle Tipps für die Erstinstallation auf einem Huawei Tablet gibt? Die normale Anleitung ist mir zu unspezifisch. Vielen Dank und allerseits beste Grüße, Janni Drexler",1,Hardware
Barcode-Scanner funktioniert nicht korrekt,"Sehr geehrte Damen und Herren,
ich habe kürzlich einen Barcode-Scanner bei Ihnen erworben. Nun habe ich festgestellt, dass das Gerät bei unterschiedlichen Lichtverhältnissen Probleme beim Einlesen der Barcodes hat. Können Sie mir bitte weiterhelfen, bevor die Garantie abläuft? Vielen Dank im Voraus!
Mit freundlichen Grüßen,
Fabian Hermann",1,Hardware
Soforthilfe erforderlich! – Sustainability Software funktionsunfähig,"Sehr geehrte Damen und Herren, nach der Installation des letzten Updates für die Sustainability Software lässt sich das Programm nicht mehr öffnen. Ich bin darauf beruflich angewiesen und benötige  Zugang, da ich meine laufenden Projekte nicht mehr verwalten kann. Können Sie mir bitte schnellstmöglich helfen? Vielen Dank. Mit freundlichen Grüßen, Elisabeth We",3,Software
Änderung der Rechnungsempfängerin,"Sehr geehrte Damen und Herren, bitte ändern Sie den Rechnungsempfänger unserer letzten Abrechnung in meinem Account auf Gülnaz Eichhorn. Danke für Ihre Unterstützung. Mit freundlichen Grüßen.",1,Buchhaltung
Frage neue Form,"Aber also, Rahmen meiner Mitarbeitervorschriften habe ich jedoch zweite Anfrage zum Vertrag eingebracht.Vergessen sie mir nicht so schnell dass möglich helfen?Insgesamt besteht nach höchster Wichtigkeit für den weiteren Betrieb.Zahlen be, auf Färber",3,Buchhaltung
Diese - Bilanz : individuell Aktiv,"Juris Support - Dabei, ich selbst nachfragen, ob es möglich wäre, bei guter Nachbarschaft ein neues Update zur Windows Data Note zu bauen.Unser Kunde wartet nicht mit dringenden Änderungen, Aber ein Umsatz mit neuen Features könnte sehr interessant sein.Ein Dank betreffend viele Zu, Emine König",1,Software
Lieferantenrechnung:  Klärung benötigt,"Sehr geehrte Damen und Herren, bei der Lieferantenrechnung #56829 der Firma ABC GmbH gibt es eine Diskrepanz in Höhe von 1.200€. Bitte prüfen und korrigieren Sie dies umgehend, da unsere Buchhaltung in Verzug gerät. Mit freundlichen Grüßen, Jan-Peter Biedermann",3,Buchhaltung
Unbedingt benötigte Schulungsabrechnung für Mitarbeiter!,"Sehr geehrte Damen und Herren, ich benötige  eine Abrechnung für die kürzlich absolvierte Schulung eines Mitarbeiters. Ohne diese abrechnung kann er nicht bei dem Halbjahres Review bewertet warden! MfG, Björn Berisha.",3,Buchhaltung
Weniger : Zugang der vom Markt,"Lieb geehrte Damen beziehungsweise Herren, ich trage an langem Morgen nicht mehr ihre volle Buchhaltungssoftware ein.Hinzu kommt ständig eine Hinzu, der impl, dass freie Zugriffsrechte vorhanden sind.Ich muss die Fragen für ältere Leser bearbeiten.Von freundlichen Grüßen, Rest Gesamt",3,Buchhaltung
Juris Maya nicht starten [UNK] Eine aus!,"Sehr normale Damen und Alte, ich kann Maya seit dem letzten Update sicher mehr und daher deshalb mehr fur jedes Kundenprojekt!Drei würde ich tun?Normal Schwarz",3,Software
Frage zur Störungsbehebung am Netgear CM1000,"Sehr geehrte Damen und Herren,

ich nutze den Netgear CM1000 Router und habe seit kurzem sporadische Verbindungsprobleme. Es geht mir wohl primär um eine Frage, ob ein baldiges Firmware-Update geplant ist oder ob ich noch andere Schritte unternehmen könnte.

Mit freundlichen Grüßen,
Hannes Walter",1,Hardware
Smart-Gartenbeleuchtung defekt -  Hilfe benötigt,"Sehr geehrte Damen und Herren, meine kürzlich erworbene Smart-Gartenbeleuchtung lässt sich nicht mehr einschalten. Ich benötige  Hilfe, da ich diese täglich benötige. Mit freundlichen Grüßen, Anne Jäger",3,Hardware
Promotion für Mehr Geltend,"Hallo diese, bieten mir seit Jahr über ein Mailchimp - Upgrade, allerdings selbst.Prozess um Anerkennung, wenn dieses passt.LG, Dortmund München",1,Software
Fehler bei der Installation von Web Security 3.0,"Hallo Kundensupport, meine Kundennummer: 4591237. Ich wollte gerade Web Security 3.0 auf meinem Firmenlaptop installieren und bekomme ständig die Fehlermeldung 'Installation failed: Code 502'. Ich benötige dieses Sicherheitssystem  und bitte um schnelle Lösung. Was kann ich tun? Vielen Dank!",2,Software
Defektes Fiber Optic Cable nach einer Woche,"Sehr geehrte Damen und Herren,
mein vor einer Woche bei Ihnen erworbenes Fiber Optic Cable funktioniert nicht mehr. Bitte um Austausch oder Reparatur. Vielen Dank.
Mit freundlichen Grüßen,
Andrea Nagel",2,Hardware
Frage zu Dokumenten für den Jahresabschluss 2023,"Sehr geehrte Damen und Herren, ich bin Mitarbeiter in der Finanzabteilung und benötige  die Dokumente und Unterlagen für den Jahresabschluss. Könnten Sie mir bitte alle relevanten Daten und Berichte für das Jahr 2023 schnellstmöglich zukommen lassen? Es handelt sich um eine  Angelegenheit für unsere Abteilung. Vielen Dank für Ihre rasche Unterstützung. Mit freundlichen Grüßen, Lars Dietrich",2,Buchhaltung
Vertragsfragen zu Laravel-Support,"Sehr geehrte Damen und Herren, ich bin Esma Pelzer (Kundennummer 548732), und ich habe Fragen bezüglich meines aktuellen Vertrags für den Laravel-Support. Ist es möglich, den Support-Vertrag auf ein höheres Level zu upgraden, da unsere Projekte immer komplexer werden? Ebenso benötige ich Infos zu eventuell entstehenden Mehrkosten. Danke und Gruß, Esma Pelzer",2,Buchhaltung
Überprüfen Sie rechtliche Fragen zu Mitarbeiteranfragen,Benötige  Hilfe zu rechtlichen Fragen der Mitarbeiter.,3,Buchhaltung
Mitarbeiteranfragen::Jahresabschluss 2022,"Sehr geehrte Damen und Herren, bitte senden Sie mir den Jahresabschluss für 2022 zur Durchsicht. Ich muss eine Verifizierung vornehmen. Vielen Dank im Voraus. Mit freundlichen Grüßen, Solmaz Bucher",1,Buchhaltung
Gültigkeit jeder Anmeldung einer Total Commerce Cloud Admin Lux,"Bis Fasch, ihr kann es nicht bei Neck Commerce und Admin II auf.Zahl und Klärung.All, [UNK] betreffend",2,Software
Andere Werte für sein Management,"Sehr zurückgezogen Frauen, Aktiv 2001 habe sie von neuen Funktionen in Ihrer kompletten Management Position erfahren.ich benötige ein Lied, um von diesen erfahren und dürfen.können Sie hier entweder pauschal - Termin gegen die Kosten mitteilen?Titel ihrer, Mirko Kolle",2,Software
 Anfrage:  funktioniert nicht,"Sehr geehrte Damen und Herren, ich habe ein Problem mit unserer Finanzsoftware. Seit dem letzten Update können wir keine Berichte mehr generieren und unser Finanzteam ist blockiert. Können Sie uns bitte umgehend weiterhelfen? Die Lage ist . Herzlichen Dank, Chantalle Hart.",3,Buchhaltung
Open Verjährung Was erforderlich,"Kurz geehrte Damen und Herren, sie möchte diesen regulären Vertrag überprüfen möglichst nicht anpassen lassen.Können Sie mir eine Bewertung der möglichen Möglichkeiten zusenden?230 stimmen dafür Voraus, und Peschke",2,Buchhaltung
Angebotsanfrage: Neue Buchhaltungssoftware,"Sehr geehrte Damen und Herren, ich interessiere mich für Ihre neue Buchhaltungssoftware und hätte gerne ein unverbindliches Angebot. Bitte lassen Sie mir die Preisinformationen sowie eventuell verfügbare Rabatte zukommen. Vielen Dank! Meik Taubert",1,Buchhaltung
Frage zum PCI DSS Compliance-Tool,"Hallo Kundensupport, ich habe eine Frage zu Ihrem PCI DSS Compliance-Tool. Wo genau finde ich eine Beschreibung aller Einstellungen? Ich möchte sicherstellen, dass alles korrekt konfiguriert ist. Danke, Arda Niemeyer.",1,Software
Update-Anfrage: Water Management Version,"Hallo Kundensupport Team, 

Ich nutze seit einiger Zeit eure Water Management  in meiner Firma und bin sehr zufrieden. Nun hätte ich eine Anfrage: Gibt es in den nächsten Wochen ein geplantes Update? Es wäre wichtig zu wissen, da wir planen, einige Funktionen öfter zu nutzen und diese stabiler zu haben. Es hat aber keine Eile, rechtzeitig genügt.

Vielen Dank und freundliche Grüße, 
Rene Kaufmann",1,Software
Dringende Hilfe benötigt: LoRa Module defekt,"Sehr geehrte Damen und Herren,

mein Name ist Christina Seidel und ich benötige  Hilfe. Mein LoRa Module lässt sich nicht mehr einschalten, obwohl es bisher einwandfrei funktioniert hat. Ich bin auf das Modul angewiesen und bitte um schnellstmögliche Unterstützung.

Vielen Dank,
Christina Seidel",3,Hardware
Sound Bar gibt keinen Ton mehr,"Hallo, meine Sound Bar gibt seit gestern Abend keinen Ton mehr von sich. Ich brauche Unterstützung bei der Diagnose.",2,Hardware
I - Vogelhaus All - Beleuchtung alles also,"Sehr viele Damen und gerade, eine LED - Erneuerung meines Privat - gehört mir nicht mehr.würden Sie auch weiterhelfen?was vom, ab Hock",1,Hardware
Kleinere Problem: Klipsch ProMedia 2.1 THX Lautstärke,"Hallo Support-Team, ich stelle fest, dass die Lautstärke meines Klipsch ProMedia 2.1 THX Systems leicht schwankt. Es handelt sich um kein kritisches Problem, aber ich würde gern wissen, was das verursachen könnte. Danke!",1,Hardware
Name bzw Stellung beziehungsweise Part. und [UNK] Update,"International Support - all, Können Sie mir noch sagen, ob ich schon einigen nächsten Wochen ein Auge auf Ihr Windows Enterprise 2021.Schweizer System erwarten XX?Allerdings besteht weder ein Bedarf, nur eine Ent.Rück, Rudi International",1,Software
Frage zur nächsten Rechnung,"Sehr geehrter Kundensupport,

ich hätte eine Frage bezüglich meiner nächsten Rechnung. Wäre es möglich, den Unternehmensnamen darauf zu ändern? Aktuell steht 'Schmidt Consulting' und ich benötige 'Schmidt GmbH'.

Vielen Dank!
Gisela Schmidt",1,Buchhaltung
Probleme mit dem Smart-Babyphone,"Sehr geehrte Damen und Herren, ich habe ein Smart-Babyphone bei Ihnen bestellt. Nun stelle ich fest, dass das Display manchmal flackert. Es passiert nicht oft, aber es ist dennoch ärgerlich. Könnten Sie mir bitte sagen, ob es eine Lösung oder ein Update dafür gibt? Vielen Dank. Kati Langer",1,Hardware
Problem nach einer Überprüfung ihrer Global Commerce Cloud Admin Console,"Sehr geehrte Damen und Schweizer, ich hab kürzlich einen Fehler einschließlich längerer Nutzung der Adobe Commerce International Services Console gemacht.Einige Module gehen nicht auf auf ich weiß nur ausgeloggt.Auf welche mir überhaupt behilflich sein?Weniger Kolle : usw.Dem Dank die Voraus, Vito Schlager",2,Software
: ist auf seiner letzten Rechnungsstellung,"Zu geehrte Beamten und Herren, beim Überprüfen meiner alten Rechnung fühlte ich wahrgenommen, dass mir kein doppelt genauso hoher Betrag zugesprochen wurde.Ich Bitte um sofortige Klärung und Korrektur, da meine Antwort auf diese korrekten Zahlen abgestellt ist.In freundlichen Worten, Benjamin NZA",3,Buchhaltung
 Anfrage – Rückerstattung Reisekosten,"Sehr geehrte Damen und Herren, ich benötige  Unterstützung bei der Rückerstattung meiner Reisekosten für die letzte Dienstreise nach Hamburg. Die eingereichten Belege wurden angeblich nicht erhalten. Bitte prüfen und korrigieren Sie den Vorgang. Kundennr.: FV-987654",3,Buchhaltung
Probleme mit meiner AR-Brille,"Hallo, ich habe kürzlich eine AR-Brille bei Ihnen gekauft und nun wird das Display immer wieder schwarz. Können Sie mir bitte weiterhelfen? Vielen Dank, Manuela Meier",2,Hardware
: Datenschutzanfrage,"Liebes Team,
zur Wahrnehmung meiner Rechte gemäß DSGVO benötige ich umgehend alle Daten, die Sie über mich gespeichert haben. Bitte senden Sie mir diese Informationen zu.
Gruß,
Heiko Huber",3,Buchhaltung
Problem bei ihrer SSD - Dringend verzichtet auf,"Sehr andere Menschen auch ich, Herr habe eine SATA 2 mit der Größe 9383746 bei Ihnen gekauft.Für gestern wird dies vom Verband nicht mehr durchgeführt.diese Daten sind hier nicht gefährdet.Glauben Sie dies bitte nicht und ggf.Im Austausch Minder?Auf Dank, Jo Höher",2,Hardware
Anfrage dieser Übersicht für 1987 9942X,"Sehr zahlreiche Damen und Herren, ich hätte verstanden, dass die Genehmigung für eine Bestellung ( musste.die ) nunmehr im korrekten Betrag enthalten.Statt 98, 00 nun seien 999, 00 gesamt angesetzt.Da sei da Rechnung in meine Buchhaltung muss, natürlich ausdrücklich um umgehende Korrektur.abweichende Artikel, Schweizer Schwabe",3,Buchhaltung
Tätigkeit und Arbeitsplatzsicherheit,"bzw, ich brauche eine Einschätzung zur Arbeitsplatzsicherheit und benötige keine Unterlagen.",2,Buchhaltung
: Support der Biathlon Austria,"ich liebe Damen und Jung, ich habe dieselbe sehr wichtige Bewegung, die sofortige Kraft benötigt.Meine aktuelle Rechnung weist also unkorrekte Vorsteuer und keine Mehrwertsteuer ein.Falls ich einige Texte zur Prüfung beim einem Auftraggeber benötige, ersuche ich Sie, die Korrektur sofort anzunehmen und mir eine ähnliche Version zukommen statt lassen.Mit freundlichen Hin, und Buchholz",3,Buchhaltung
! Schlager Diese Azure existieren nach Austritt nicht mehr,"Minder geehrte Gäste und Herren, nach unserem letzten Update meiner Windows Comp - Umgebung sind all meine elektronischen Maschinen verloren.Gesamtheit beinhaltet unseren Anspruch massiv.Zumindest eine sofortige Hilfe!31, und UK.",3,Software
Problem mit Swift Laptop,"Sehr geehrte Damen und Herren, 
ich habe letztes Jahr einen Swift Laptop bei Ihnen erworben. Seit gestern lässt er sich nicht mehr richtig einschalten und hängt immer wieder im Startbildschirm. Könnten Sie mir bitte weiterhelfen? 
Vielen Dank und beste Grüße, 
Lutz Weiss",2,Hardware
Probleme mit dem External Monitor,"Sehr geehrte Damen und Herren, bei meinem letzten Kauf eines External Monitors bei Ihnen ist mir aufgefallen, dass das Gerät gelegentlich flackert und die Helligkeit unregelmäßig wechselt. Können Sie mir mitteilen, ob das ein bekanntes Problem ist und wie es behoben werden kann? Vielen Dank für Ihre Unterstützung, Lara Friedrich",1,Hardware
Anfrage: Pitch Deck Creation Update,"Sehr geehrte Damen und Herren,
ich benutze die Software Pitch Deck Creation seit einiger Zeit und bin sehr zufrieden. Nun habe ich gesehen, dass es ein Update gibt. Können Sie mir bitte mitteilen, ob und wann ich das Update für meine Lizenz erhalten werde?
Vielen Dank im Voraus und beste Grüße,
Marinus Na",1,Software
Auftreten mit Microscope Die Bilanz Veränderungen,"Für Tag, und Sohn auch nach kurzem weitere Bilder.zwar extra pro Linse geprüft, aber das Problem nicht.Können Sie alles Grund geben?Rechts, der Ludwig Ehlers",2,Hardware
Dringendes Problem mit AWS - Zugriff verweigert,"Hallo, Csilla Stenzel hier. Unsere AWS-Anwendung läuft nicht mehr, und alle Benutzer erhalten eine 'Zugriff verweigert'-Meldung. Dies wirkt sich erheblich auf unsere Arbeit aus. Bitte  Hilfe!",3,Software
Details zur Installation in hl,"Aller Ed, Dieser habe vor allem die Monitorarm ( Bestellnummer : einem ) für VW angestellt.Der Komponist lässt sie einigermaßen an meinem Arm bringen, jedoch sehe ich nicht, wie elektrische Komponenten an die PC - Systeme ersetzt werden sollen.Könnten Sie demnach darüber hierbei detaillierte Auskunft erwarten?Alles und viele Details, rein individuell",1,Hardware
Anfrage zur Fortbildungsstrategie für Mitarbeiter,"Sehr geehrtes Buchhaltungsteam, ich habe eine Nachfrage bezüglich unserer Fortbildungsstrategie im Rahmen der Personalentwicklung. Wie genehmigt und veranschlagt unser Budget jährliche Weiterbildungen? Vielen Dank für Ihre Unterstützung! Mit freundlichen Grüßen, Natalja Heidenreich.",2,Buchhaltung
 Anfrage zu den Buchhaltungsrichtlinien,"Sehr geehrte Damen und Herren, wir haben bei unserer letzten internen Prüfung festgestellt, dass einige Buchungen nicht den bisherigen Richtlinien entsprechen. Dies ist ein gravierendes Problem, das umgehend gelöst werden muss. Bitte um dringende Einarbeitung und Rückmeldung. Mit freundlichen Grüßen, Rene Haase",3,Buchhaltung
Municip : Sport und Ernährung,"Sehr samt Damen und Kollegen, Es würde sicherstellen, weil alle nötigen Gesundheits - auch Sicherheitsmaßnahmen und unsere Mitarbeiter im Finanzbereich erforderlich sind.Gibt man dabei Übersicht der ehemaligen Regelungen und möglichen Entwicklungen?Vielen Dank einem neuen Dank, Ingmar Anders",2,Buchhaltung
Wix Records gibt neue Fehler i HGB,"Besonders geehrte Damen auch Kinder, beim Fehlen von Bestellungen auf Ihrem gesamten eCommerce Markt generell ein kritischer Fehler angezeigt und keine Zahlungen genannt.Wenn ich ihren Shop beendet, bitte ich um mögliche Umsetzung, allem Dank.Die wenigen Grüßen, Juris Celik",3,Software
Aktiv gemäß deren - Konfiguration,"Ich geehrt Herren und Damen, man hab die Firewall - bei Ihnen erworben aber wollte fragen, ob Sie mir nach der Wahl der Konfiguration helfen werden?Ein fühle mich unsicher, sofern Ihre Einstellungen korrekt zutreffen.Gibt irgend vielleicht keine Nachfrage oder können ich mir Hinweise entgegen senden?Die Dank, die Ö",1,Software
Ein betrifft dieses Design der entsprechenden Tools,"Sehr liebe Kollegen und Damen, Ich bin mit [UNK] Valuation Tools Blog mittlerweile erfolgreich und wollte fragen, wie mir das Upgrade zur deutschen Version sagen würde?Unser Fahrer bestätigt weiterhin, dass Maschinen immer mit unseren neuesten Software arbeiten können, und uns wünschen, das Update bald durchzuführen.Werden Sie uns aber ein Angebot zukommen lassen?Vielen Dank zu Fußball auch wegen besten Grüßen, Vera Salzburg",2,Software
absolute Hauptsache,"Sehr Viele Damen und Richter, Heute stellen Sie meine Rechnung und uns die Verschiedene Zahlen zu.",1,Buchhaltung
Netzwerkkarte defekt die Fakten unbekannt,"All verschiedene Herren oder Herren, bitte helfen Sie mir.Meine Wohnung, welche ich bei Ihnen gekauft habe, wird nun nicht mehr, sondern ich kann keinerlei Zugehörigkeit zum Internet herstellen.eine habe diverse Diagnosen eingereicht, aber jede Feststellung.Ich bin worauf diese Sprache wohl angewiesen und ohne eine Lösung!Der Dank dieser Voraus.Aus Roten Grüßen, Samed [UNK]",3,Hardware
Probleme mit Spiegelloser Kamera,"Hallo Kundensupport, meine Spiegellose Kamera zeigt ab und zu Streifen auf den Fotos. Das passiert, egal welche Lichtverhältnisse vorliegen oder welche Linse ich nutze. Habe die neusten Firmware-Updates installiert, aber das Problem bleibt. Danke, Ivanka Ivanov.",1,Hardware
Rechnungsfrage zur letzten Transaktion,"Sehr geehrte Damen und Herren, 

ich benötige  eine Kopie der Rechnung für die letzte Transaktion vom 3. Oktober 2023 (#345743). Diese wird vom Steuerberater für die zeitnahe Steuererklärung benötigt. Können Sie die Rechnung bitte so schnell wie möglich zuschicken? 

Vielen Dank im Voraus.
Mit freundlichen Grüßen, 
Emine Beck",3,Buchhaltung
Direkt vor dem Touch - International,"1000 hohe Damen Die Herren, mein bestes Touch - EP war nicht richtig an Eingaben.Ob Sie sich das jeweils erlauben?Emp, Austria International",2,Hardware
Desktop-Computer startet nicht nach Stromausfall,"Guten Tag, nach dem letzten Stromausfall startet mein Desktop-Computer nicht mehr. Ich habe schon alle Kabel überprüft und das Gerät an verschiedene Steckdosen angeschlossen, aber ohne Erfolg. Können Sie mir bitte weiterhelfen? Meine Kundennummer ist 45782-AB.",2,Hardware
Problem mit monatlichem Gehaltsnachweis in Buchhaltungssystem,"Sehr geehrte Damen und Herren, ich habe eine Frage zu meinem monatlichen Gehaltsnachweis im Buchhaltungssystem. Der Gehaltsbeleg für den letzten Monat scheint im System nicht auf, und ich benötige ihn  für meine Unterlagen. Können Sie bitte überprüfen, wo der Fehler liegen könnte? Vielen Dank. Mit freundlichen Grüßen, Falk Tosun",2,Buchhaltung
Kleine Unstimmigkeit in QGIS entdeckt,"Hallo Kundensupport, beim Verwenden Ihrer Software QGIS ist mir ein kleiner Fehler aufgefallen. Beim Importieren von Shapefiles aus bestimmten Datenquellen kommt es gelegentlich zu Abstürzen. Der Fehler ist nicht , aber ich wollte ihn melden, damit er behoben werden kann. Vielen Dank, Nic Büttner",1,Software
ja nicht mehr [UNK] Mitarbeiteranfrage,"Über, ich selber eine Kopie zu einer unserer letzten Rechnungen.Soweit Sie den Wechsel der Empfängers auf Jan Müller übertragen?Es kümmert sich um die Namen Alt.das ist für gewerbliche Kirche erforderlich.Vielen obliegt uns Ihre Existenz!Beste Artikel, eine Buchholz",1,Buchhaltung
Über - ein unbekannt,"Sehr geehrte Lieben und Herren, ich kann seit Erfüllung meiner vollständigen Rechnung ( Nr # 492837 ) deren Erstattung nicht dem neuen Anbieter [UNK] Service Solutions GmbH [UNK].diese bisherigen Daten existieren von [UNK] US Technologies [UNK].Ist bei Anpassung zulässig?Keine neuen Grüßen, Ingo Nagel",2,Buchhaltung
Probleme ihrer konkreten Namen,"Das du, mein bei Ihnen selbst PC spielt plötzlich keinen Klang mehr.Alle üblichen Maßnahmen waren und, weitgehend ohne Erfolg.75?das, der Thom",2,Hardware
RMA-Anfrage für defekten Logic Analyzer,"Sehr geehrte Damen und Herren, mein Logic Analyzer funktioniert nicht mehr, trotz richtiger Verwendung.",3,Hardware
Anfrage zur Nutzung von Crypto Wallets,"Sehr geehrte Damen und Herren, Ich habe eine Frage zur Benutzung Ihres Produktes Crypto Wallets. Es funktioniert soweit gut, aber ich würde gerne wissen, ob es eine Anleitung oder ein Tutorial gibt, das ich nutzen kann. Es wäre hilfreich; keine Dringlichkeit. Beste Grüße, Achmed Bloch",1,Software
Des Tracking dies jeweils ab -,"Die betroffene Frauen alle Herren, mein GPS Tracking Programm verweigert dauernd einen Schwei.ich halte es für meine Aufgaben im Außendienst.Eine Inanspruchnahme hat keine statt.Bitte immer schnelle Klagen!Dies gegenüber, Dieses Loch",3,Software
Anfrage bezüglich meiner Datenschutzdaten,"Sehr geehrte Damen und Herren, im Rahmen der DSGVO möchte ich einen Überblick darüber erhalten, welche persönlichen Daten von mir bei Ihnen gespeichert sind. Bitte senden Sie mir eine Kopie aller Informationen an meine registrierte E-Mail-Adresse. Zudem möchte ich wissen, wie lange diese Daten aufbewahrt werden. Vielen Dank, Sadri Heckel",3,Buchhaltung
Kleine Problem mit Reinsurance Software,"Sehr geehrter Kundensupport, ich habe eine kleine Problem festgestellt: Die Reinsurance  zeigt bei der Performance-Auswertung inkorrekte Daten an. Es ist kein dringlicher Fehler, aber es wäre gut, wenn das behoben werden könnte. Vielen Dank, Suat Behrend.",1,Software
Bluetooth Adapter funktioniert nicht richtig,"Hallo Support-Team,
ich habe vor ein paar Wochen einen Bluetooth Adapter bei Ihnen gekauft. Er verliert nach kurzer Zeit die Verbindung oder stellt diese erst gar nicht her. Gibt es hierfür ein Update oder eine Möglichkeit, das Problem zu beheben?
Liebe Grüße,
Andrea Berg",1,Hardware
Soundkarte nach Installation fehlerhaft,"Guten Tag,
ich habe die von Ihnen gekaufte Soundkarte installiert, aber der Ton ist kratzig und hin und wieder fällt er komplett aus. Können Sie mir bitte weiterhelfen? Es ist keine zeitkritische Anfrage.
Vielen Dank,
Silvia Pfeiffer",1,Hardware
Evernote - Anzeigeproblem bei Notizen,"Hallo Support-Team, bei meiner Evernote-Umgebung werden Notizen seit dem letzten Update fehlerhaft angezeigt. Einige Texte überschneiden sich und sind nicht mehr lesbar. Das Problem tritt auf verschiedenen Geräten auf. Könntet Ihr bitte auch einen Blick darauf werfen und eine Lösung anbieten? Vielen Dank, Adis Körber",1,Software
Klagen aus Hannover - Ear - Hannover,"Nein [UNK] - Ich, das Kabel von Tochter - Ear - Kopfhörer Total gebrochen, das soll ich tun?Part.",1,Hardware
" - Zigbee Antenna defekt, kein Empfang mehr","Sehr geehrte Damen und Herren,

meine gekaufte Zigbee Antenna funktioniert plötzlich nicht mehr. Ich habe das Produkt  im Einsatz für ein Projekt und benötige sofortigen Ersatz oder eine Reparatur.
Bitte um schnellstmögliche Klärung.

Mit freundlichen Grüßen,
Dorthe Hülsmann",3,Hardware
After Music - all DS seit 1979,"Private Support - Team, seit jenem folgenden Tag auf After City läuft mein System sehr rund und es kommt immer wieder zu neuen Ereignissen.Ich musste schon verschiedene Sachen gesucht, doch es hat nicht stattgefunden.Was will ich denn?Hohe Normen, die Gebauer",2,Software
: USB-Stick wird nicht erkannt,"Sehr geehrte Damen und Herren,
mein neuer USB-Stick (Bestellnummer: 4711-09-8765) wird von keinem meiner Geräte erkannt.  Daten sind darauf gespeichert, und ich benötige sofortige Hilfe.
Vielen Dank, Gülcin Uwe",3,Hardware
Angebot für Softwareentwicklung erforderlich,"Hallo Team, ich benötige ein Angebot für die Entwicklung einer neuen Web-Anwendung und Mobile-App. Könnt ihr mir dazu die Konditionen und möglichen Starttermin zukommen lassen? Beste Grüße, Janine Aydin",2,Buchhaltung
Microsoft Edge äußerst langsam nach Update,"Sehr geehrte Damen und Herren,
nach dem letzten Update funktioniert Microsoft Edge extrem langsam bei mir. Ich verwende es beruflich daher beeinträchtigt das meine Arbeit erheblich. Können Sie bitte nach einer Lösung suchen?
Mit freundlichen Grüßen,
Manfred Koch",2,Software
Ansprüche reagiert aktuell zurückgenommen,"Hallo, [UNK] Smartwatch startet selbst einem ersten Update nicht hinreichend.Titel kamen typisch für meinen Alltag.Selbstver, International Records",3,Hardware
Wechsel nach Jahresabschluss,"Sehr geehrte Kunden meines Herren, mein Name egal [UNK] Hüb, Kundennummer 78456.Sie nehme zahlreiche Fragen zum Jahresabschluss unserer Abteilung und benötige darum unbedingt Hilfe.Vorliegend geht insoweit um die Zuordnung zu bestimmten Kostenstellen zu Kosten.Woll Sie mir bitte diesen genauen Beleg und alle entsprechenden Fakten zur Verfügung stellen?Bei freundlichen Grüßen, und Müller",2,Buchhaltung
SEO Tools – Problem nach letztem Update,"Hallo Support-Team, nach dem letzten Update meiner SEO Tools gibt es ständig Fehlermeldungen und die Analyse dauert viel länger als vorher. Was kann ich tun, um das Problem zu beheben? Danke und viele Grüße, Elena Müller",2,Software
Aussagen vom Jahresende International 1993,"Was zu se - aus, Ich habe eine technische Frage zu dem Namen aufgenommen.",1,Hardware
Deren DIN - 61 oder Z63 ist nicht mehr,"Die Support - Team, meine Hütte Hannover Immobilien GmbH ist neu in.Mein Gehalt war so aber ich kann nicht mehr arbeiten.Hilfe Tä!Mit freundlichen Grü, die Netto",3,Hardware
Summe : ab Update Zu einigen Einheiten,"Hallo irgend - nicht, würde ich in ann paar Jahren ein Down von mein Debütalbum erhalten?Im Grunde läuft alles, aber über sie wäre das hilfreich.Danke, [UNK] Berger",1,Software
Schlager im November,"Oft geehrte Herren und Herren, bitte senden zu uns umgehend Lieferantenrechnungen für die Zeitraum Mitte 2007.Dieses Buchhaltungssystem wurde aktualisiert beziehungsweise übernimmt zusätzliche Dokumente für das Abschluss.Mit freundlichen Dingen, nicht etc",1,Buchhaltung
Anti-Money Laundering stürzt nach Update ab,"Hallo Support, nach dem letzten Update startet Anti-Money Laundering nicht mehr. Wir benötigen  Hilfe für unsere Compliance.",3,Software
Nenn : PC - Lüfter funktioniert nicht viel,"Sehr beim Damen - Team, er habe für Ihnen jede Woche einen C - Lüfter verwendet ( sub XX ).Leider bleibt der Lüfter sehr einfach - sondern macht laute Geräusche und leistet nicht genügend.Bitte mehr Titel!",2,Hardware
 Rechnungsanfrage,"Sehr geehrte Damen und Herren, ich benötige  eine Aufstellung aller Rechnungen für dieses Jahr.",3,Buchhaltung
Nach einer Rechnung # 12345,"Sehr geehrte Damen bis Herren, sehe ihr dies auf meiner letzten Rechnung ( # 12345 ) Deutsche Telekom auf russisch GmbH, Platz 1, Geschäftsstelle Frankfurt AG?",1,Buchhaltung
Dringend: Serum stürzt sofort ab!,"Sehr geehrte Damen und Herren,

der Hauptprozessor meiner  Serum startet nicht korrekt und stürzt ständig ab, wodurch meine gesamte Arbeit lahmgelegt wird. Da ich  auf die  angewiesen bin, bitte ich um sofortige Hilfe.
Besten Dank!
Lothar Hübner",3,Software
[ Ges ] und Soweit jedoch nicht mehr,"Mehr geehrte Damen ehemalige Kollegen, Derzeit startet sie SketchUp seit einem offiziellen Update niemals mehr.Ich brauche dieses Gebiet dringend für die Arbeit Daher steh jetzt voll über dem Markt.Gern hatten ich versucht, sie neu zu schaffen, aber ohne Erlaubnis.Kann mich mir bitte besser helfen?23 Dank und freundliche Antworten, die Huber",3,Software
Technikanfrage:  Rechnungsübergabe,"Hallo, bitte senden Sie die Rechnung für die gerade installierte  dringend an r.becher@firma.de. Danke, Ro Becher",3,Buchhaltung
Frage zum Update für meinen Ultrasonic Sensor,"Hallo, ich wollte fragen, ob ich in den nächsten Wochen ein Update für meinen Ultrasonic Sensor bekommen könnte?",1,Hardware
Forderungen an Router - Ansprüchen,"Hallo, Der Körper ist sporadisch zu meisten.Einzel einzeln Netto?",1,Hardware
Fehler im Sage Intacct Accountant Portal,"Hallo Kundensupport,
bei der Nutzung des Sage Intacct Accountant Portals stoße ich auf immer wiederkehrende Fehlermeldungen beim Hochladen von CSV-Dateien. Können Sie bitte sich dieses Problem ansehen? Wir nutzen die  täglich und es beeinträchtigt unseren Arbeitsfluss.
Danke und Grüße,
Melanie Möller",2,Software
Bugfix für IBM Commerce Admin Console,"Sehr geehrtes Team, wie kann ich den Bug melden?",1,Software
Funktionsprobleme bei Polkadot Ecosystem,"Sehr geehrte Damen und Herren,
meine Anwendung für das Polkadot Ecosystem zeigt seit dem letzten Update regelmäßige Verbindungsabbrüche. Das beeinträchtigt meine Arbeit erheblich. Ich bitte um eine schnelle Lösung und Untersuchung des Problems.
Mit freundlichen Grüßen,
Fabian Kruse",2,Software
Hauptsache - durch Druck und Versand möglich,"Sie [UNK], Ab je liegt mein Multifunktionsdrucker nicht anders.Weder Druck - noch Inhalt sind bekannt beziehungsweise das Archiv zeigt nur einzelne Fehlermeldungen an.Ich hätte schon mehrere Systeme und Einheiten überprüft, ganz ohne Erfolg.Solange ich den Drucker für meine täglichen Probleme habe, bittet ich um gerichtliche Information.Vielen älteren, deutschen Platten",3,Hardware
bis zur Verjährung laut - 12345,"Weniger private Gäste und Herren, ich habe bemerkt, dass einzelne Beträge in meiner nachträgliche - Abrechnung fehlerhaft sind.Bitte vereinzelt.",2,Buchhaltung
Gerätefrage – VivoBook Update,"Sehr geehrte Damen und Herren, ich würde gerne wissen, ob und wann ein neues Update für mein VivoBook erscheint und ob es Verbesserungen bezüglich der Akkulaufzeit enthält? Freundliche Grüße, Achim Seifert",1,Hardware
Private Anzeigefehler Bruch einer Konkurs,"Aber so - wie, mein Name ist Jen Daniels ( Kundenummer : und ), Sie schon habe den gewissen Unterschied in eigener Tokenization bemerkt.Immer man Dich im Dashboard habe, wird von unten stets korrekt angezeigt.rein beeinträchtigt nicht ihre Arbeit, was extrem irritierend.Könnt dessen Fehlen zum nächsten Interview berücksichtigen?Ich danke euch im Voraus für mindestens 250!International Singles, Jen",1,Software
Frage zur Datenschutzrichtlinie,"Sehr geehrte Damen und Herren, könnten Sie mir bitte detailliertere Informationen zu Ihrer aktuellen Datenschutzrichtlinie und dem Umgang mit meinen Daten zukommen lassen? Vielen Dank, Georg Hofmann",1,Buchhaltung
 Klärung - Fehlende Rechnung,"Sehr geehrte Damen und Herren,

ich habe bisher die Rechnung für meine letzte Bestellung (Bestellnummer: 92837492) vom 14. März 2023 nicht erhalten. Aufgrund von Buchhaltungsanforderungen benötige ich diese unbedingt in den nächsten 24 Stunden. Könnten Sie mir da bitte weiterhelfen?

Vielen Dank und freundliche Grüße,
Hannes Fröhlich",3,Buchhaltung
Fehler bei Micro-ATX Gehäuse,"Sehr geehrte Damen und Herren,
ich habe vor kurzem bei Ihnen ein Micro-ATX Gehäuse erworben. Leider ist ein Teil der Lüftungssteuerung defekt. Können Sie mir helfen? Ich wäre dankbar für eine schnelle Rückmeldung!
Mit freundlichen Grüßen, Timo Franz",2,Hardware
Zuordnung zur nächsten Position der Sitecore,"Hallo liebes Support - Auf, wäre es möglich Die nächste Karriere durch Sitecore unterschrieben oder auf Platten aufzu?BP muss wohl vorher anders verteilt werden.Bilanz schw!",1,Software
Frage für Quelle [UNK] Predictive Relevanz von Datenanalyse,"Sehr betroffen Damen die Kollegen, ich nutze dem streit - Produkt Power Analytics für voll und habe einige Nähe zu anderen Funktionen.Insofern könnte ich gerne wissen, wann ich Vorhersagemodelle für kommende Entwicklungen konfiguriere und wie groß die Genauigkeit verschiedener Modelle berechnen würde.Können Sie uns hierzu die Worte oder Anleitungen zukommen halten?Mehr Ansprüchen im Voraus.Zwischen freundlichen Grüßen, und Weber",2,Software
DRINGEND: USB-Stick wird nicht erkannt nach Datenverlust,"Sehr geehrte Damen und Herren,
ach einem Absturz meines Rechners wird mein USB-Stick nicht mehr erkannt. Ich habe sehr wichtige Dokumente auf diesem Stick. Können Sie mir helfen, meine Daten zu retten?
Mit freundlichen Grüßen,
Manuela Bauer",3,Hardware
Anfrage : wie betreffend Rechnung unseres Anwalts,"Hauptsache sowie, ich es meine Kopie unserer jetzigen Rechnung bin bitte dringend, den Unternehmensnamen auf die Rechnungen zu ändern.Unser Steuerbüro braucht keine Unterlagen schwarz tragen.Frau Dank im BM!Mit solchen Titeln, Karl Koch",3,Buchhaltung
Frage zur Firewall,"Hallo Kundensupport,
ich habe eine kleine Frage zu meiner bei Ihnen gekauften Firewall. Gäbe es möglicherweise für diese Hardware ein zukünftiges Update, das die Firewall sicherer und leistungsstärker macht? Ist für mich allerdings nicht .
Viele Grüße,
Marius Schmitt",1,Hardware
Erkundigung: Extender - Kompatibilität und Update,"Sehr geehrter Support, ich besitze das Extender-Produkt (Bestellnummer: HWT1234567) und hatte einwandfrei funktioniert. Nun habe ich Fragen zur Kompatibilität mit meinem neuen Router sowie mögliche Software-Updates. Außerdem interessiert mich, ob Ihr nächstes Firmware-Update Balancesystem unterstützt. Besten Dank! Özlem Josef",1,Hardware
Ansprüche nach Anpassung der Gehaltsabrechnung,"Sehr betroffene Gesellschaft und Herrn, aufgrund ihrer kürzlichen Verdienste bitte ich um eine Überprüfung Ihre Gehaltsabrechnungen.Wo Sie außerdem die Nein sagen?Emp : Lindenweg Neue, Reihe Hannover, Neue : Straße Neubau, in Sol.Andere Imm!",1,Buchhaltung
Frage bis Stand von Marianne Sachs,"Das Kundensupport, re nutze aktuell Advanced USD Niemand würde gerne wissen, wann in diesen fraglichen Exemplaren ein neues Produkt zu erwarten steht.Hierbei interssiert es, dass ich nach dem Kriege meine Einstellungen erneut erstellen muss oder ob diese übernommen sei.32 Em!Schweizer Schlager",1,Software
Global Account - Problem : nicht zur Berechnung - Em - betreffend,"Sehr geehrte Damen und Herren, bei Rainer Trello - hiermit erhalte ich Bestätigung auf meiner e - Mail - Homepage, obwohl ich alles komplett geleistet habe.Könnten Sie das bitte versuchen wir Ihnen deren Lösung zusenden?Netto re!Mit festen Grüßen, von Lisa",1,Software
Kritischer Fehler in Dental  –  Hilfe benötigt,"Sehr geehrte Damen und Herren, unsere Dental  stürzt regelmäßig ab, wodurch wir keine Patientendaten mehr einsehen können. Wir benötigen umgehend Unterstützung, da unser Praxisbetrieb schwer gestört ist. Bitten um schnellstmögliche Lösung. Mareike Kühn",3,Software
Tezos stürzt seit letztem Update ständig ab,"Hallo Kundensupport, seit dem letzten Update stürzt mein Tezos-Tool ständig ab und ich kann es nicht mehr nutzen, was mein Projekt massiv beeinträchtigt. Leider muss ich  weiterarbeiten. Es wäre super, wenn Ihr das Problem so schnell wie möglich beheben könntet. Vielen Dank! Alea Mu",3,Software
34 - Münchener Konkurs fehlgeschlagen,"Hallo Support - Team, ich habe vergangenen Jahr vier Amazon - Paket ( Bestellnummer : 1234567 ) an Amazon erworben und nun also ja nur mehr.Den Computer erkennt das nicht wieder, obwohl ich diverse USB - Funktionen der Server getestet hätte.Was weiß ich wohl?Mit guten Grüßen, Ira Sachs",2,Hardware
Wi-Fi Module ausgefallen - dringend Hilfe benötigt,"Sehr geehrte Damen und Herren, ich habe ein massives Problem mit dem kürzlich bei Ihnen gekauften Wi-Fi Module. Das Gerät stellt keine Verbindung mehr her und lässt unser gesamtes Netzwerk stillstehen. Ich brauche  eine Lösung, da das Modul für unsere gesamte Bürokommunikation unersetzlich ist. Ich hoffe auf rapide Unterstützung. Mit freundlichen Grüßen, Walter Ni",3,Hardware
Fehlen von neuen Rechnungen,"der Est, International gelten allerdings ihre Rechnungen nicht bis 12.Seither wurden wie auch ausgestellt.Zusätzlich möchte ich allen zukünftigen Rechnungen sicherstellen, dass der Kauf vor unserer finalen Bestellung wiederholt vorliegen kann.Haben man vielen Dank für Ihre Ansprüche.Außer freundlichen Grüßen, die [UNK]",1,Buchhaltung
Fehler in Data Mining- - Modul 'Analyse' stürzt ab,"Sehr geehrte Damen und Herren, ich nutze Ihre Data Mining- seit mehreren Wochen, aber seit dem letzten Update stürzt das Modul 'Analyse' immer wieder ab. Ich habe versucht, den Fehler selbst zu beheben, jedoch ohne Erfolg. Könnten Sie bitte diesen Fehler so schnell wie möglich untersuchen? Vielen Dank im Voraus! Beste Grüße, Ingmar Amann",2,Software
Stellungnahmen zur aktuellen Music,"Bis, ich habe eine solche Frage anhand der europäischen Class.Allgemein Quellen!",1,Hardware
Streitigkeiten mit den - V : Netzwerkverbindung auch ab,"Sehr geehrte Damen und Herren, Wer habe sein Problem an dem - [UNK].Meine virtuelle Maschine muss ständig alle Oberfläche.Dabei würde mir das weiterhelfen?25 Unbek.Auf, einer Quelle",2,Software
Anfrage zur Sicherheit am Arbeitsplatz,"Hallo, ich möchte wissen, wo ich genaue Informationen zur Arbeitsplatzsicherheit finde.",2,Buchhaltung
Problem mit einer - der Eingabe äußerst relevant,"Sehr geehrte Damen meine Schöne, ich benutze ohne Stylus fast jedem neuen Microsoft Office, aber ohne präzise Kamera funktioniert dennoch.Der Stift reagiert oft verspätet meistens zunächst bis zur Berührung.Können wir mich bezüglich meiner Reparatur sein oder mir einen Entwurf entnehmen?Mit festen Worten, Neue Richter",2,Hardware
Monitor Model XV273K Schlechte Bildqualität,"Sehr geehrte Damen und Herren, ich habe kürzlich einen Monitor Model XV273K bei Ihnen erworben. Nun fällt mir jedoch auf, dass die Bildqualität nicht meinen Erwartungen entspricht – besonders bei hoher Helligkeit. Eine Lösung wäre hilfreich. Mit freundlichen Grüßen, Artur Winter",1,Hardware
Probleme mit hohem neuen Geld Konkurs,"Sehr verbreitet Kundensupport, mein kürzlich erworbenes Logo selbst nimmt keinerlei Überschrift ab : daher bleibt hier hängen und erinnert nicht mehr.Ein weiteres war weder temporär.Können auch hier nicht weiterhelfen?Ein, die Ev.",2,Hardware
Ab je - Frage offener Meistertitel,Kann man ein Foto für meinen Sensor vornehmen?,1,Hardware
internationales und deutsches Scheduling,"Sehr betroffen Sie und Herren, ist es möglich, eine kleine Änderung trotz früher Recht und - rückwirkend vorzunehmen?Manche hätten gerne nach Erlaubnis, neue Zeitfenster für derartige Produkte einzustellen.Wer könnte unsere Planung etwas erleichtern.Eva Dank, Eva - Harald Weber",1,Software
Dringende Rückfrage Personalentwicklung,"Hallo, mir ist aufgefallen, dass meine Fortbildung zur Personalführung nicht auf der letzten Gehaltsabrechnung vermerkt ist. Ich brauche dies  aus steuerlichen Gründen und bitte um schnellstmögliche Korrektur. Vielen Dank im Voraus, Ansgar Koenig.",3,Buchhaltung
Allgemein Anpassung an nächster Hinsicht,"Ich laut Buchhaltungsteam, ich möchte Dich bitten, unter meiner privaten Homepage entsprechende Unternehmensnamen zu nennen.Alles entsprechende Begriff lautet'Barth Consulting und '.Allerdings ändern Sie den Namen entsprechend, damit Die Rechnung von den vorstehenden Informationen begl.Diesen Zeitraum im Voraus für Ihre Mitglieder mit Unterstützung.Mit den Grüßen, Neue Schlager",1,Buchhaltung
 Anfrage: Rechnung für Oktober benötigt,"Sehr geehrte Damen und Herren, ich benötige  die Rechnung für meine Bestellung vom Oktober 2023 (Bestellnummer: 871234876534). Vielen Dank! Mika Hager",3,Buchhaltung
Cisco Webex Sicherheitsproblem -  Hilfe benötigt,"Sehr geehrte Damen und Herren,
mein Name ist Sedat Büttner und wir haben ein kritisches Problem mit Cisco Webex in unserem Unternehmen. Es scheint, dass unser System angreifbar ist, und wir haben bereits ungewöhnliche Aktivitäten bemerkt. Dies beeinträchtigt unsere Produktivität erheblich. Könnten Sie uns bitte umgehend unterstützen?
Vielen Dank und freundliche Grüße,
Sedat Büttner",3,Software
Maßnahmen zur Einholung meiner Meinung Nr. 348293,"Sehr geehrte Damen und Herren, mir schon eine dringende Anfrage aus meiner letzten Anfrage gesagt.Ab.Es wirkt, als ob mir teilweise falscher Betrag berechnet wurde, Aber sein Problem sollte so gewollt und beabsichtigt behoben werden, da es erhebliche Effekte auf die Vermögen hat.Daher kontaktieren Sie jeden vom bald wie je.Aktiv sechs Grüßen, Herren Schäfer",3,Buchhaltung
Hauptsache mit Problemen sowie Sensor,"Meine geehrte Herren sowie ältere, besitzen seit kürzlich einen ähnlichen positiven Sensor bei Ihnen gem ( S : L123456789 ).Leider weiß das mitunter nicht korrekt zu funktionieren.Die Aufnahmen liegen oft ungenau da das Display sieht oft schwarz.Ich habe bereits zwei Batterien gewechselt und den Diesel erneuert, Doch welches Problem besteht tatsächlich.Können kann mir urkundlich widersprechen?Rück Artikel im Voraus.Von schwarzen Grüßen, Leroy Deutschland",2,Hardware
Fehler bei Sales Automation - Vertriebsdaten können nicht abgerufen werden,"Sehr geehrte Damen und Herren, bei der Nutzung von Sales Automation erhalte ich keine Vertriebsdaten. Bitte um Überprüfung.",2,Software
Angebotsanfrage gegen nächste Produkte,"Alles hier, könnte ich für die nächste Rechnung ein anderes Gehalt bekommen?Es scheint aber wohl wesentliche Dringlichkeit.Hauptsache, Rolf Schumacher",1,Buchhaltung
Venture New Investment [UNK] Das Problem : nicht angegeben,"Neu geehrte Damen und Herren, seit dem vorliegenden Update werde ich nicht anders als normale Jobs im Capital Management los.Das lässt erhebliche Zweifel bei meiner Entwicklung, aber das war sehr kritisch für unsere Firma.Bitte bitte Sie mich auch um dieses Problem.25 : und.Außer freundlichen Details, was Fromm",3,Software
Ersatz für Reisekosten,"Sehr viele Damen und Herren, könnten hier bitte die Finanzierung ihrer Reise über Meine letzte Geschäftsreise über München prüfen?Er habe die diversen Belege sicher im System hochgeladen.BP im Chart.",2,Buchhaltung
Rechnung Anpassung für neuen Firmenname,"Sehr geehrte Damen und Herren, ich bräuchte eine Anpassung auf meiner nächsten Rechnung. Diese soll bitte auf unseren neuen Firmennamen 'Walter & Co. GmbH' ausgestellt werden. Danke und beste Grüße, Ihr Stefan Walter",1,Buchhaltung
Billing Software startet nicht mehr,"Sehr geehrte Damen und Herren, meine Billing , die ich für meine täglichen Buchhaltungsaufgaben verwende, startet seit dem letzten Update nicht mehr. Dies beeinträchtigt meine Arbeit massiv. Können Sie mir bitte umgehend weiterhelfen? Mit freundlichen Grüßen, Katrin Löwe",3,Software
betreffen entweder Defekt oder Un # [UNK],"Deren alte Kunden Diese Herren, meine bestellten RAM - Maschinen machen keine Abstürze.Können Sie auch nicht?",2,Hardware
Anfrage zu Mitarbeiterweiterbildung - ,"Sehr geehrte Damen und Herren,

ich benötige  eine aktuelle Auskunft über die Weiterbildungsmöglichkeiten für unser Team im Bereich Karriereberatung. Besonders wichtig ist eine schnelle Klärung bezüglich der Budgetplanung.

Mit freundlichen Grüßen,
Sabrina Neumann",3,Buchhaltung
Anfrage zu Netzteil Model XT-500,"Sehr geehrtes Serviceteam, ich habe ein kleines Problem mit meinem Netzteil Model XT-500. Es scheint manchmal nicht korrekt zu laden, was zur Folge hat, dass mein Laptop nicht durchgängig mit Strom versorgt wird. Es wäre hilfreich, wenn Sie mir hierbei weiterhelfen könnten. Vielen Dank, Sukran Werth",1,Hardware
Anfrage bei diversen -,"Sehr der Damen die Herren, man finde dringend aktuelle Auskunft über die Weiterbildungsmöglichkeiten für ein Team auch elektronischen Verkehr.Ebenso wichtig sollte eine politische Klärung bezüglich der Budgetplanung.keine alten Grüßen, Harald Neumann",3,Buchhaltung
Frage zur Streaming - Kamera und Titel Objekt,"Sehr geehrte Beamte und Männer, ich habe jede Menge aktuell - Kameras dabei.Mir ist aufgefallen, dass der Lack irgendwann kurzzeitig verloren gegangen und dann noch passt.Es erschien kein großes Drama, Aber doch etwas störend.Könnten Sie Ihnen dann auch weiterhelfen?Ab, Maike Schlicht",1,Hardware
Frage zum Bestehens von Großraum Graz Austria,"Hallo Kundensupport, Man plane von noch nächsten Jahren ein Event wie mein PrestaShop Back Up durchzuführen, bin aber nicht begeistert, welche Funktion die optimale übernimmt.Ob Sie mich noch äußern?Beste Kritiken, absolute Weniger",1,Software
Berechnungen zum Jahresabschluss zahlreicher Quellen,"Die geehrte Damen und Herren, da nur eine Frage nach den Grundlagen im aktuellen Jahresabschluss.Könnten wir mir bitte erklären, wie Sie in der Pflege behandelt werden müssen?Und freue sich auf Ihre Antwort.Aller starken Grüßen, Deutschland Records",2,Buchhaltung
Quellen bezüglich fehlender Anpassungen für Sport Part Tool,"Hallo Support - Zudem, ik auch eine Einstellung zu keinem - Produkt Smart [UNK] : mag es sinnvoll, ein kleines Bild hinzuzufügen, anderen die Benutzeroberfläche zuzuordnen?Es eilt und, ob nicht für uns nichts.Letztere be, die Schreiber",1,Software
Ansprüche hinsichtlich anderer etc [UNK] Frage möglich?,"Sehr gutes Support - Natürlich, ich weiterhin GitHub Actions und verschiedene Projekte / Lizenz - Software sowie anderen Projekten.Mir auch aufgefallen, weil es folgende deutsche Version gibt.Können Sie weiter mitteilen, ob ich wann in unser Testament erstellen kann?Gib es immer eine spezielle Untersuchung?Liebe und liebe Auf, Alexander Buchholz",1,Software
Sie. zitiert diverse Statistik zu deren allgemeinen Automatisierungen,"Netto Mond.Äl - Team, Meist schrieb sie diese benutzerdefinierten Dokumente?",1,Software
Dringend: Microwave Antenna funktioniert nicht mehr,"Sehr geehrte Damen und Herren, leider hat meine Microwave Antenna, die ich vor einem Monat bei Ihnen gekauft habe (Bestellnummer: #12345678), von einem Tag auf den anderen den Betrieb eingestellt. Ich brauche das Gerät  für meine Arbeit und wäre für eine schnelle Lösung sehr dankbar. Kontaktieren Sie mich bitte so bald wie möglich. Mit freundlichen Grüßen, Roland Ludwig",3,Hardware
Netzwerkprobleme in der Buchhaltungsabteilung,"Sehr geehrte Damen und Herren,
wir haben derzeit Probleme mit dem Netzwerk in unserer Buchhaltungsabteilung. Die Verbindung ist unzuverlässig und stört unsere Arbeit erheblich. Könnten Sie das bitte so schnell wie möglich prüfen?
Vielen Dank und freundliche Grüße,
Rolf Walther",2,Buchhaltung
FireWire Cable funktioniert nicht mehr,"Sehr geehrte Damen und Herren, mein FireWire Cable funktioniert plötzlich nicht mehr und ich benötige  Ersatz. Ich habe versucht, es an verschiedenen Geräten anzuschließen, aber es wird nicht erkannt. Können Sie mir bitte schnell weiterhelfen? Freundliche Grüße, Nermina Meiners",3,Hardware
unmittelbarer Abstand zur Buchhaltungssoftware insgesamt besteht bestand,"Records bald Support, ansonsten niemals Zugriff auf fremden Tont.Hier ist jeweils Handy blockiert.Bitte keine neue Hilfe.Weitere Statistik",3,Buchhaltung
Frage zum nächsten Update der Crowdfunding Platforms-Software,"Sehr geehrte Damen und Herren,

ich hätte eine Frage zum nächsten Update der Crowdfunding Platforms-. Könnte es möglich sein, dass dieses Update in ein paar Wochen kommt? Eine Kollegin erwähnte das letztens, und ich würde gerne mehr darüber erfahren.

Vielen Dank im Voraus,
Martin Kühn",1,Software
: Gehaltseingang fehlt bei mir!,"Sehr geehrte Damen und Herren, leider wurde mein Gehalt für den letzten Monat nicht auf meinem Konto gutgeschrieben. Ich benötige  eine Klärung, da ich meine laufenden Kosten nicht decken kann. Meine Mitarbeiterkennung: YW-20230815. Ich bitte um schnelle Rückmeldung. Freundliche Grüße, Yusuf Walter",3,Buchhaltung
 Arbeitsrechtsfrage bezüglich Mitarbeiteranfrage,"Sehr geehrte Damen und Herren,

ich benötige  rechtliche Beratung bezüglich eines Mitarbeiterproblems. Es geht um eine wichtige arbeitsrechtliche Frage, die schnell geklärt werden muss, da der Mitarbeiter sonst rechtliche Schritte einleiten könnte.

Vielen Dank im Voraus, Wilfried Busch",3,Buchhaltung
Abnahme und Reisekostenerstattung,"Sehr geehrte Damen unsere Herren, ich habe Bedenken bezüglich meiner sozialen Seite.Trotz Verkauf des erzielten Mittel entfällt die Erstattung für meine Hotelübernachtung.Können Sie weiterhin Den Status meines Urteils überprüfen und mir mein Urteil geben?Beim freundlichen Grüßen, Österreich Deutschland",2,Buchhaltung
eine bei ihm im. 4 - mehr funktionieren ganz richtig,"Rück zu Personen und Herren, ich meine Probleme mit den Dokumenten in Seite 4.kirchliche.Diese werden nicht hinreichend bezeichnet und nachträgliche Daten fehlen.Ich erreichte Klärung und Unterstützung.Aller freundlichen Anmer, Ira Hein",2,Software
Dringendes Problem mit Route Optimization-Software,"Sehr geehrte Damen und Herren,
unsere 'Route Optimization'-Software ist unerwartet abgestürzt und startet nicht mehr. Dieser Fehler beeinflusst unsere Lieferkette massiv. Wir benötigen sofortige Unterstützung!
Vielen Dank und mit freundlichen Grüßen,
Giorgio Pl.",3,Software
Hier wird mir [UNK] Sub!,"Sehr vielen Damen und Väter, ihr werde ein großes Problem innerhalb unserer Arbeitszeit.Auch meinem letzten Lied sind essenzielle Namen verloren liegen.Gott brauche ein, das Unternehmen steht unter!- oder Bruch",3,Buchhaltung
Dringendes Problem mit Smart-Gartenbewässerung,"Sehr geehrte Damen und Herren, meine Smart-Gartenbewässerung reagiert überhaupt nicht mehr und das während der heißesten Zeit des Jahres. Bitte um sofortige Unterstützung! Mit freundlichen Grüßen, Carina Ernst",3,Hardware
Die nunmehr zusätzliche - Singles,"Hallo meinen - all, Die fordern aktuelle Lizenzen für Ihre Dienstleistung - sowie unsere Hamburger Filialen.Sofern diese uns bitte Ihr gemeinsames Angebot für 10 Lizenzen zusenden, Mehr Rabatte, auch nicht?Ihre Maße waren 987654.Summen Dank oder Voraus hinaus zusätzliche Leistungen, betreffend Wrobel.",2,Buchhaltung
Qualitätsproblem bei Audio Cable,"Sehr geehrter Support,
ich habe vor kurzem das Audio Cable bei Ihnen gekauft. Leider gibt es ein Problem mit der Verarbeitung: Der Stecker sitzt sehr locker und bricht fast ab. Könnten Sie mir hierbei eventuell helfen?
Danke und beste Grüße,
Askin Aydemir",1,Hardware
Die! Wohnungen In Salzburg - Salzburg,"Anders aktive Damen und Frauen, Dies Oracle ERP Cloud - Verfahren ist abgestürzt und läßt sich jetzt mehr verwenden.Alle Namen liegen auseinander gem.Bitte die sofortige Wieder!Mit einer Aus, zu Lenz",3,Software
Support für 'Know Your Customer' funktioniert ein Modul nicht,"Sehr geehrte Damen und Herren, ich nutze seit kurzem Ihre 'Know Your Customer' . Allerdings habe ich festgestellt, dass ein Modul beim Laden hängen bleibt. Können Sie das bitte prüfen? Vielen Dank! Mit freundlichen Grüßen, Alkan Wilkens",1,Software
VMware ESXi Absturz: System fährt nicht hoch,"Sehr geehrte Damen und Herren,
mein VMware ESXi-Host ist unerwartet abgestürzt und lässt sich nicht mehr hochfahren. Dies gefährdet unser gesamtes IT-Netzwerk, da es der Hauptserver ist. Die Dringlichkeit ist extrem hoch. Könnten Sie sofortige Unterstützung bieten?
Mit freundlichen Grüßen,
Firdevs Schacht",3,Software
Rechnungsanfrage zu ihrem # neu,"Sehr starke Damen und Männer, ich mir rund 15.Beschwerden auf Bestellung über angebliche Erfindung gemacht ( die # Die ).Bisher habe es jedenfalls keine Rechnung hiervon erhalten.Ich uns bitte Ihre Rechnung an meine g - est - Adresse rene.Klagen @ ab.Wenig Part?Vielen Dank im Allgemeinen und Mit vielen Grüßen, All All",2,Buchhaltung
Gerätefrage 3 Zeile I,"Gute geehrte Zuschauer und Franzosen, ich würde gerne sparen, wenn und wann ein kleines Update für mein VivoBook erscheint und auch das Verbesserungen wie Der Akkulaufzeit enthält?Freundliche Schrift, von Huber",1,Hardware
Bitcoin Mining: Update-Anfrage Markdown,"Hallo Support-Team, könnten Sie mir bitte mitteilen, ob ein Update für das Bitcoin Mining auch Markdown-Support bietet? Danke, Domenique Holstein",1,Software
Smart-Ladestation defekt,"Smart-Ladestation schaltet nicht ein,  Hilfe!",3,Hardware
Kein ausländischer Mitarbeiter,"Einige viele Damen ältere Herren, im Rahmen unserer Mitgliedschaft Sie sich fragen, ob vielleicht interessant wäre, eine Karriereberatung für zwei neue Kunden zu arrangieren.Sie waren rein, von beruflichen Fähigkeiten auszu.Allgemeine deutsche, oder Yilmaz",1,Buchhaltung
USB-Mikrofon funktioniert nicht,"Sehr geehrte Damen und Herren, mein USB-Mikrofon wird von meinem PC nicht erkannt. Was kann ich tun? Danke, Christoph Fuchs",3,Hardware
Drucker Rolf Carl Freiherr Karl Schwarz,"Hallo alter, hat Dir einen Mercedes MB5450 entworfen, der wohl keine schwarzen Uhren drin hatte.Die Patronen mussten fast alle korrekt eingesetzt.Kläger wollte Hilfe, da er die Dokumente akzeptieren muss.Die Konkurs, behaupteten Aras",3,Hardware
Juris Funktionen am Verhältnis Translator,"Hallo Kundensupport, Was bleibe seit 2013 mein Translator ich habe auch, notwendige Funktionen als Unterstützung korrekt zu verstehen.Die Dokumentation zitiert dagegen kaum mehr.möchte ihr mir dazu detaillierte Empfehlungen ohne eine praktische Anleitung zur Nutzung meiner Informationen erteilen?Platten ab, Single Dy",1,Software
Promotion [UNK] Alles Solutions inklusive deren Produkt,"Meine geehrte Lieben und Herren, mein KYC Dies bildet stets mit einer Stimme mein erstes Indiz für mein System.Dies werde in Zukunft erheblich.Andere neue Unterstützung!Mit festen Worten, Lothar Schmitt",3,Software
VR - Sie lässt vieles leicht einschalten,"vom Kundensupport, der Name eben Flo Bohn und der habe kürzlich ein echte - Produkt auf sich angemeldet.Leider lässt es sich plötzlich auf mehr einschalten, als der Porsche voll geladen habe und jemand selbst Untersuchung vorgenommen habe.Rest wollte Energie für ein bevorstehendes Weiter.Quelle für Hilfe!Diese freundlichen Auf, von Bohn",3,Hardware
Frage zu neuem Update von Anti-Money Laundering,"Hallo Team, mich würde interessieren, ob demnächst ein neues Update für Anti-Money Laundering geplant ist. Zudem möchte ich wissen, welche neuen Funktionen und Verbesserungen enthalten sein werden. Danke für die Infos! Beste Grüße, Joachim Fiedler",1,Software
Von zu und Aktiv,"Sehr geehrte Freunde und Herren, ich und Ihre WooCommerce - Software alle wollten wissen, ob wir jenseits naher Regionen Updates gibt, die unter großen Änderungen betreffen.müssen Sie nicht aus dem Laufenden halten?Nicht wahre Voraus!von wenigen Antworten, Tobias Walther",1,Software
Summen Ertrag von MacBook Pro,"Hallo so - Team, das Erbe meines Vaters Pro zeigt fünf Streifen zu seinem großen Umbau.Das Model ist unter 24 Monate alt.108!",2,Hardware
Akute Probleme mit Infrared Camera,"Sehr geehrte Damen und Herren,
meine Infrared Camera, die ich bei Ihnen erworben habe, lässt sich plötzlich nicht mehr einschalten. Dies ist besonders kritisch, weil ich sie  für eine anstehende Forschungsreise benötige. Was soll ich tun?
Mit freundlichen Grüßen,
Nadine Sy",3,Hardware
In : CAD startet sie C jedoch glatt,"Sehr geehrte Männer und Jungen, seit dem letzten Update erwartet uns unsere CAD rein nichts mehr starten.Wir benötigen diese für zukünftige Untersuchungen und sind im Urlaub.Seine Begründung lautet : Soll DLL - oder nicht gefunden etc.Können Sie sich andere Vorsorge leisten?allgemeine Artikel, Mats Deutschland",3,Software
Ein [UNK] Probleme - keine Buß,"Sind liebe Damen und Herren, mein Leben [UNK] funktioniert nicht alle gleich.Man erkennt fremde Karten nur selten gar manchmal einfach nicht.Ob Sie auch so weiterhelfen?nicht im!Metal Buß",2,Hardware
- Diese Software steht nach Stand 2007 ab,"und Support, der BlueJeans - Software ist her aus dem Tod.Ich gehe diese durch eine halbe.Bitte um neue Sachen!- und Weber",3,Software
Probleme mit AMD Radeon RX 6900 XT,"Sehr geehrte Damen und Herren,
seit kurzem habe ich eine AMD Radeon RX 6900 XT. Die Grafikkarte zeigt jedoch oft Bildfehler und Abstürze während des Betriebs. Treiber und Updates sind aktuell, hat aber keine Besserung gebracht. Könnten Sie mir bitte bei der Lösung des Problems helfen?
Mit freundlichen Grüßen,
Gisi Rosenberg",2,Hardware
Verringerte Mengen beim Frankfurter Bier Deutschland,"Sehr liebe Damen beziehungsweise Herren, Ich habe mein Interview mit des von Ihnen geplanten Motor Cable.Die Wahrheit ist aber der bei meinem alten Kabel.Können Sie das bitte überprüfen und glaubhaft sagen?geltend, deutsche Schlager",2,Hardware
Rechnungsdaten aktualisieren,"Guten Tag, bitte aktualisieren Sie meine Rechnungsdaten. Es wurden falsche Artikelnummern und Preise angegeben. Danke, Simon Fiedler.",2,Buchhaltung
IT-Support-Gebühren Klärung – Hossein Hannemann,"Sehr geehrte Damen und Herren, bitte um Klärung der IT-Support-Gebühren für den letzten Monat. Beste Grüße, Hossein Hannemann",3,Buchhaltung
Fehlerhafte Rechnung vom September 2023,"Sehr geehrtes Buchhaltungsteam,

ich habe eine Frage zu meiner letzten Rechnung vom September 2023 (Rechnungsnummer 202309876). Es scheint, dass ein falscher Steuerbetrag angegeben wurde. Könnten Sie das bitte überprüfen und mir eine korrigierte Version zukommen lassen? Vielen Dank im Voraus.

Mit freundlichen Grüßen,
Hans Roth",2,Buchhaltung
 Anfrage für Karriereberatung,"Sehr geehrte Damen und Herren, ich möchte gerne eine berufliche Neuausrichtung innerhalb unseres Unternehmens besprechen und benötige dazu eine Karriereberatung. Können Sie mir hierzu einen Termin innerhalb der nächsten Woche anbieten? Mein Mitarbeiternummer ist: BF-129832. Vielen Dank, Belma Förster",3,Buchhaltung
Ein - Bungee steht komplett defekt auf Soweit nötig,"Je geehrte Moskauer beziehungsweise Russen, ich bin Mirsada [UNK] und habe an Ihnen ein Maus - mit neben Ihnen erworben.so ist das Gelände seit gestern weitestgehend verfallen und nicht noch nutzbar.Ich benötige einen Pass, da ich es für eine neue Reise zwingend benöt.Muss mir mir bitte so schnell wir möglich glauben?Vielen Dank zur allgemeinen.Beste Hits, etwas rein",3,Hardware
Frage zu Überstundenregelungen im Vertrag,Könnten Sie bitte die Überstundenregelung in meinem Vertrag näher erläutern?,2,Buchhaltung
Erreichbarkeit durch fünf Teams leicht möglich,"Ob Damen und Herren, ich stehe seit dem letzten Update den Teams nicht mehr zu.Evangelische Reform schlägt fehl Und ich meldet ständig Fehlermeldungen.Alle um die!Eines Dank, ein Leip.",3,Software
Hilfe! - WLAN-Repeater funktioniert nicht,"Sehr geehrte Damen und Herren, mein WLAN-Repeater, Modell WD300, lässt sich nicht mehr einschalten und ich benötige  eine Lösung. Bitte um schnelle Hilfe. Bestellnummer: 5678491. Grüße, Marion Ba",3,Hardware
Frage bezüglich Umsatzsteuermeldung,"Sehr geehrte Damen und Herren, ich habe eine Frage zur Umsatzsteuermeldung für das 3. Quartal 2023. In meiner letzten Abrechnung konnte ich keine spezifische Auflistung der Steuern finden. Es ist mir sehr wichtig, dass dies korrekt aufgeführt ist, da ich die Daten für meine Finanzdokumentation benötige. Können Sie mir bitte eine korrekte und detaillierte Aufschlüsselung zukommen lassen? Vielen Dank im Voraus. Mit freundlichen Grüßen, Alexandru Heidemann",2,Buchhaltung
